<?xml version="1.0" encoding="UTF-8" standalone="no"?>
	<!--
		jPhineas Queues are shared by all apps. Each one minimally has an int
		record ID as it's first field, followed by one or more VARCHAR fields
		which are identified in the queue Type. The Type identifies the fields
		expected in the record, and those names should correspond to those in
		the queue (database)
	-->
<Queues>
	<TypeInfo>
		<!--
			for queue types, the field id is used internally, and the field value
			should match the field label in the data row
		-->
		<Type>
			<Name>EbXmlSndQ</Name>
			<Field id="RECORDID">RECORDID</Field>
			<Field id="MESSAGEID">MESSAGEID</Field>
			<Field id="PAYLOADFILE">PAYLOADFILE</Field>
			<Field id="DESTINATIONFILENAME">DESTINATIONFILENAME</Field>
			<Field id="ROUTEINFO">ROUTEINFO</Field>
			<Field id="SERVICE">SERVICE</Field>
			<Field id="ACTION">ACTION</Field>
			<Field id="ARGUMENTS">ARGUMENTS</Field>
			<Field id="MESSAGERECIPIENT">MESSAGERECIPIENT</Field>
			<Field id="MESSAGECREATIONTIME">MESSAGECREATIONTIME</Field>
			<Field id="ENCRYPTION">ENCRYPTION</Field>
			<Field id="SIGNATURE">SIGNATURE</Field>
			<Field id="PUBLICKEYLDAPADDRESS">PUBLICKEYLDAPADDRESS</Field>
			<Field id="PUBLICKEYLDAPBASEDN">PUBLICKEYLDAPBASEDN</Field>
			<Field id="PUBLICKEYLDAPDN">PUBLICKEYLDAPDN</Field>
			<Field id="CERTIFICATEURL">CERTIFICATEURL</Field>
			<Field id="PROCESSINGSTATUS">PROCESSINGSTATUS</Field>
			<Field id="TRANSPORTSTATUS">TRANSPORTSTATUS</Field>
			<Field id="TRANSPORTERRORCODE">TRANSPORTERRORCODE</Field>
			<Field id="APPLICATIONSTATUS">APPLICATIONSTATUS</Field>
			<Field id="APPLICATIONERRORCODE">APPLICATIONERRORCODE</Field>
			<Field id="APPLICATIONRESPONSE">APPLICATIONRESPONSE</Field>
			<Field id="MESSAGESENTTIME">MESSAGESENTTIME</Field>
			<Field id="MESSAGERECEIVEDTIME">MESSAGERECEIVEDTIME</Field>
			<Field id="RESPONSEMESSAGEID">RESPONSEMESSAGEID</Field>
			<Field id="RESPONSEARGUMENTS">RESPONSEARGUMENTS</Field>
			<Field id="RESPONSELOCALFILE">RESPONSELOCALFILE</Field>
			<Field id="RESPONSEFILENAME">RESPONSEFILENAME</Field>
			<Field id="RESPONSEMESSAGEORIGIN">RESPONSEMESSAGEORIGIN</Field>
			<Field id="RESPONSEMESSAGESIGNATURE">RESPONSEMESSAGESIGNATURE</Field>
			<Field id="PRIORITY">PRIORITY</Field>
		</Type>
		<Type>
			<Name>EbXmlRcvQ</Name>
			<Field id="RECORDID">RECORDID</Field>
			<Field id="MESSAGEID">MESSAGEID</Field>
			<Field id="PAYLOADNAME">PAYLOADNAME</Field>
			<Field id="LOCALFILENAME">LOCALFILENAME</Field>
			<Field id="SERVICE">SERVICE</Field>
			<Field id="ACTION">ACTION</Field>
			<Field id="ARGUMENTS">ARGUMENTS</Field>
			<Field id="FROMPARTYID">FROMPARTYID</Field>
			<Field id="MESSAGERECIPIENT">MESSAGERECIPIENT</Field>
			<Field id="ERRORCODE">ERRORCODE</Field>
			<Field id="ERRORMESSAGE">ERRORMESSAGE</Field>
			<Field id="PROCESSINGSTATUS">PROCESSINGSTATUS</Field>
			<Field id="APPLICATIONSTATUS">APPLICATIONSTATUS</Field>
			<Field id="ENCRYPTION">ENCRYPTION</Field>
			<Field id="RECEIVEDTIME">RECEIVEDTIME</Field>
			<Field id="LASTUPDATETIME">LASTUPDATETIME</Field>
			<Field id="PROCESSID">PROCESSID</Field>
		</Type>
	</TypeInfo>
	<ConnectionInfo>
		<Connection>
			<Name>HsqlInProcess</Name>
			<Class>tdunnick.jphineas.queue.PhineasJDBCQ</Class>
			<Id>sa</Id>
			<Password>PHINEAS123</Password>
			<Unc>jdbc:hsqldb:file:queues/hsqldb</Unc>
			<Driver>org.hsqldb.jdbcDriver</Driver>
			<Flush>checkpoint</Flush>
		</Connection>
		<Connection>
			<Name>MemQ</Name>
			<Class>tdunnick.jphineas.queue.PhineasMemQ</Class>
			<Id />
			<Password />
			<Unc>queues/memq</Unc>
			<Driver />
			<Flush />
		</Connection>
	</ConnectionInfo>
	<QueueInfo>
		<Queue>
			<Name>MemSendQ</Name>
			<Type>EbXmlSndQ</Type>
			<Connection>MemQ</Connection>
			<Table>TransportQ</Table>
		</Queue>
		<Queue>
			<Name>MemReceiveQ</Name>
			<Type>EbXmlRcvQ</Type>
			<Connection>MemQ</Connection>
			<Table>ReceiveQ</Table>
		</Queue>
		<Queue>
			<Name>HsqlSendQ</Name>
			<Type>EbXmlSndQ</Type>
			<Connection>HsqlInProcess</Connection>
			<Table>SendQ</Table>
		</Queue>
		<Queue>
			<Name>HsqlReceiveQ</Name>
			<Type>EbXmlRcvQ</Type>
			<Connection>HsqlInProcess</Connection>
			<Table>ReceiveQ</Table>
		</Queue>
		<DefaultDirectory></DefaultDirectory>
	</QueueInfo>
</Queues>
