<?xml version="1.0" encoding="UTF-8" standalone="no"?>
<!-- the receiver servlet configuration -->
<Receiver>
  <!-- logging -->
  <Log>
    <!-- full path to log file -->
    <LogName/>
    <!-- amount of detail found in log -->
    <LogLevel>debug</LogLevel>
    <!-- enable source locations in log -->
    <LogLocal>true</LogLocal>
    <!-- number of days to keep a log -->
    <LogDays/>
  </Log>
  <!-- Default directory for file or folder references -->
  <DefaultDirectory></DefaultDirectory>
  <!-- a directory to receive payloads -->
  <PayloadDirectory>data/incoming</PayloadDirectory>
  <!-- a directory of client CPA's -->
  <CpaDirectory>config/CPA</CpaDirectory>
  <!-- ad directory of cached replies -->
  <CacheDirectory>replies</CacheDirectory>
  <!-- the services provided -->
  <ServiceInfo>
    <Service>
      <Name>default</Name>
      <Service>defaultservice</Service>
      <Action>defaultaction</Action>
      <Processor>tdunnick.jphineas.receiver.PayloadProcessor</Processor>
      <Queue>HsqlReceiveQ</Queue>
      <Filter/>
      <Decryption>
        <Type>certificate</Type>
        <Id/>
        <Password>123456</Password>
        <Unc>security/sslcert.pfx</Unc>
      </Decryption>
    </Service>
    <Service>
      <Name>Ping</Name>
      <Service>urn:oasis:names:tc:ebxml-msg:service</Service>
      <Action>Ping</Action>
      <Processor>tdunnick.jphineas.receiver.PingProcessor</Processor>
      <Filter/>
      <Queue>HsqlReceiveQ</Queue>
      <Decryption>
        <Id/>
        <Type>none</Type>
        <Unc/>
        <Password/>
      </Decryption>
      <Directory/>
    </Service>
  </ServiceInfo>
</Receiver>
